1.0,0.9406120705310844,0.8847510543666305,0.8322075097261593,0.7827844077822667,0.7362964639605514,0.6925693367025545,0.6514390711817671,0.6127514469911051,0.5763614014527273,0.5421324856311549,0.5099363575397332,0.47965229126349923,0.45116672167396354,0.424372855476497,0.3991702286334472,0.3754643283831777,0.3531662742808968,0.3321924565127817,0.31246423015209696,0.2939076224899822,0.2764530536164987,0.26003507571688045,0.24459212767130958,0.23006630435621156,0.21640313905060685,0.20355140173846392,0.1914629021932487,0.18009231427985356,0.1693970017040356,0.15933686221279306,0.14987417330672947,0.14097345443678153,0.13260133062847493,0.12472641033297015,0.11731916509882705,0.11035182116434519,0.10379825327075162,0.09763388846195628,0.09183561247543989,0.08638168428423407,0.08125165359539573,0.07642628494349178,0.07188748497515367,0.06761823503035552,0.06360252705385727,0.05982530371543675,0.05627240192091885,0.05293049963565561,0.04978706608997191
2.202020202020202,2.0712467815734987,1.948239695473994,1.8325377486899261,1.7237070797629706,1.6213396883171731,1.525051670718756,1.4344819951275274,1.3492910650915242,1.2691594496635812,1.1937866855312298,1.122890161047089,1.0562040353075033,0.9934782356052934,0.9344776009482458,0.8789809074958734,0.8267800362377042,0.7776792706387424,0.7314945001998625,0.6880525472036074,0.6471905222506676,0.6087552089737039,0.5726024899624234,0.538596806387328,0.5066106499965061,0.476524083970023,0.44822429877762743,0.4216051785669515,0.3965669142728087,0.37301561991393684,0.35086298951907957,0.33002595738249507,0.31042639461836735,0.2919908088586619,0.27465007527866153,0.25833917163176057,0.2429969395336086,0.22856585063660456,0.21499179479501485,0.20222387393581712,0.19021421387841436,0.17891778266460875,0.1682922234109213,0.15829769418771208,0.14889671956179296,0.14005404947213015,0.13173652737338595,0.12391296584606372,0.1165540295007366,0.10963212532943307
3.404040404040404,3.201881492615914,3.0117283365813585,2.8328679876536933,2.6646297517436746,2.5063829126737955,2.357534004734958,2.2175249190732877,2.0858306831919435,1.9619574978744352,1.8454408854313047,1.735843964554445,1.6327557793515073,1.535789749536623,1.4445823464199947,1.3587915863583,1.2780957440922311,1.202192266996588,1.1307965438869436,1.063640864255118,1.0004734220113534,0.9410573643309096,0.8851699042079668,0.8326014851033468,0.7831549956368009,0.7366450288894394,0.6928971958167913,0.6517474549406547,0.613041514265764,0.5766342381238383,0.5423891168253663,0.5101777414582609,0.4798793347999533,0.451380287088849,0.42457374022435296,0.3993591781646942,0.3756420579028721,0.3533334480024576,0.3323497011280735,0.3126121353961945,0.2940467434725948,0.2765839117338219,0.2601581618783509,0.24470790340027063,0.23017520409323047,0.2165055718904031,0.20364775103133523,0.19155352977120865,0.18017755936581764,0.1694771845688943
4.6060606060606055,4.332516203658328,4.075216977688721,3.8331982266174602,3.6055524237243786,3.3914261370304173,3.190016338751159,3.000567843019048,2.822370301292362,2.654755546085289,2.4970950853313796,2.3487977680618006,2.2093075233955113,2.078101263467953,1.9546870918917438,1.8386022652207263,1.7294114519467578,1.6267052633544337,1.5300985875740245,1.4392291813066285,1.353756321772039,1.2733595196881151,1.1977373184535096,1.1266061638193652,1.0596993412770954,0.9967659738088555,0.9375700928559547,0.8818897313143574,0.8295161142587192,0.7802528563337395,0.7339152441316527,0.6903295255340264,0.6493322749815389,0.6107697653190357,0.5744974051700442,0.5403791846976276,0.5082871762721354,0.47810104536831033,0.44970760746113186,0.42300039685657154,0.397879273066775,0.3742500408030348,0.35202410034578036,0.331118112612829,0.3114536886246678,0.29295709430867595,0.2755589746892844,0.2591940936963535,0.24380108923089858,0.22932224380835547
5.808080808080808,5.463150914700745,5.138705618796089,4.833528465581231,4.546475095705087,4.276469361387043,4.022498672767364,3.7836107669648116,3.558909919392784,3.347553594296146,3.148749285231457,2.961751571569159,2.785859267439517,2.6204127773992845,2.464791837363494,2.318412944083154,2.180727159801285,2.05121825971228,1.9294006312611063,1.8148174983581395,1.707039221532725,1.605661675045321,1.5103047326990535,1.4206108425353843,1.3362436869173906,1.2568869187282723,1.1822429898951188,1.1120320076880608,1.0459907142516747,0.9838714745436411,0.9254413714379395,0.8704813096097923,0.8187852151631251,0.770159243549223,0.7244210701157358,0.6813991912305611,0.6409322946413989,0.6028686427341635,0.5670655137941906,0.5333886583169489,0.5017118026609555,0.47191616987224794,0.44389003881320993,0.4175283218253875,0.39273217315610537,0.3694086167269489,0.3474701983472337,0.3268346576214985,0.3074246190959796,0.28916730304781674
7.01010101010101,6.593785625743157,6.202194259903449,5.833858704544996,5.4873977676857875,5.161512585743663,4.8549810067835635,4.566653690910569,4.295449537493201,4.040351642506997,3.80040348513153,3.5747053750765128,3.3624110114835193,3.1627242913306124,2.9748965828352416,2.7982236229455792,2.632042867655811,2.475731256070125,2.328702674948186,2.1904058154096493,2.0603221212934097,1.9379638304025257,1.8228721469445959,1.714615521251402,1.6127880325576847,1.5170078636476878,1.4269158869342822,1.3421742840617634,1.2624653142446298,1.1874900927535423,1.1169674987442262,1.0506330936855581,0.988238155344711,0.9295487217794102,0.8743447350614273,0.8224191977634948,0.7735774130106624,0.7276362401000165,0.6844234201272492,0.6437769197773262,0.6055443322551358,0.5695822989414611,0.5357559772806396,0.5039385310379461,0.4740106576875429,0.4458601391452219,0.419381422005183,0.3944752215466434,0.3710481489610607,0.349012362287278
8.212121212121211,7.724420336785573,7.265682901010815,6.834188943508763,6.428320439666493,6.046555810100286,5.687463340799766,5.349696614856332,5.031989155593622,4.733149690717853,4.4520576850316065,4.18765917858387,3.9389627555275246,3.705035805261944,3.485001328306991,3.2780343018080065,3.0833585755103385,2.9002442524279712,2.728004718635268,2.56599413246116,2.4136050210540962,2.270265985759732,2.1354395611901396,2.0086201999674214,1.88933237819798,1.7771288085671046,1.6715887839734465,1.572316560435467,1.4789399142375854,1.3911087109634441,1.308493626050513,1.230784877761324,1.157691095526297,1.0889382000095973,1.0242684000071185,0.9634392042964283,0.9062225313799257,0.8524038374658692,0.8017813264603076,0.7541651812377033,0.7093768618493159,0.6672484280106739,0.6276219157480688,0.5903487402505043,0.5552891422189802,0.5223116615634946,0.4912926456631321,0.4621157854717881,0.43467167882614155,0.40885742152673904
9.414141414141413,8.855055047827985,8.329171542118175,7.834519182472525,7.369243111647192,6.9315990344569025,6.519945674815964,6.132739538802087,5.768528773694037,5.425947738928705,5.103711884931679,4.800612982091224,4.515514499571526,4.2473473191932705,3.9951060737787376,3.7578449806704306,3.534674283364863,3.324757248785815,3.1273067623223474,2.9415824495126692,2.76688792081478,2.6025681411169357,2.4480069754356815,2.3026248786834387,2.1658767238382737,2.0372497534865204,1.9162616810126094,1.8024588368091692,1.69541451423054,1.5947273291733448,1.5000197533567992,1.4109366618370893,1.3271440357078825,1.248327678239784,1.1741920649528097,1.1044592108293616,1.0388676497491889,0.9771714348317222,0.9191392327933662,0.8645534426980805,0.8132093914434962,0.7649145570798869,0.7194878542154983,0.6767589494630626,0.6365676267504174,0.5987631839817674,0.5632038693210812,0.529756349396933,0.4982952086912224,0.46870248076620014
10.616161616161616,9.9856897588704,9.39266018322554,8.834849421436294,8.310165783627898,7.816642258813526,7.352428008832167,6.915782462747849,6.505068391794456,6.1187457871395585,5.755366084831754,5.413566785598579,5.09206624361553,4.7896588331246015,4.505210819250487,4.237655659532857,3.98598999121939,3.749270245143661,3.526608806009429,3.3171707665641805,3.1201708205754666,2.9348702964741418,2.760574389681225,2.5966295573994578,2.442421069478569,2.297370698405937,2.1609345780517732,2.0326011131828725,1.9118891142234955,1.7983459473832464,1.6915458806630856,1.591088445912855,1.4965969758894684,1.4077171564699709,1.324115729898501,1.245479217362295,1.1715127681184523,1.101939032197575,1.0364971391264246,0.9749417041584577,0.9170419210376766,0.8625806861490999,0.8113537926829277,0.7631691586756211,0.7178461112818549,0.6752147064000403,0.6351150929790305,0.5973969133220778,0.5619187385563034,0.5285475400056613
11.818181818181818,11.116324469912811,10.4561488243329,9.835179660400057,9.251088455608599,8.701685483170147,8.184910342848365,7.698825386693607,7.2416080098948745,6.81154383535041,6.407020284731827,6.0265205891059335,5.668617987659533,5.33197034705593,5.0153155647222345,4.717466338395282,4.437305699073916,4.173783241501506,3.9259108496965096,3.6927590836156905,3.4734537203361513,3.2671724518313465,3.073141803926768,2.890634236115476,2.7189654151188627,2.5574916433253523,2.405607475090936,2.262743389556575,2.1283637142164507,2.0019645655931475,1.883072007969372,1.7712402299886203,1.6660499160710538,1.5671066347001574,1.474039394844192,1.3864992238952283,1.3041578864877155,1.226706629563428,1.153855045459483,1.0853299656188349,1.0208744506318568,0.960246815218313,0.9032197311503574,0.8495793678881796,0.7991245958132924,0.7516662288183132,0.7070263166369797,0.6650374772472227,0.6255422684213844,0.5883925992451225
13.02020202020202,12.246959180955237,11.519637465440274,10.835509899363835,10.19201112758931,9.586728707526776,9.017392676864572,8.481868310639372,7.978147627995297,7.504341883561269,7.058674484631906,6.639474392613295,6.245169731703541,5.874281860987263,5.525420310193987,5.197277017257712,4.888621406928445,4.598296237859353,4.3252128933835925,4.068347400667203,3.8267366200968387,3.599474607188554,3.3857092181723125,3.184638914831496,2.995509760759159,2.8176125882447702,2.650280372130101,2.4928856659302787,2.3448383142094067,2.2055831838030495,2.0745981352756595,1.951392014064387,1.8355028562526408,1.7264961129303456,1.6239630597898842,1.5275192304281626,1.4368030048569795,1.3514742269292812,1.2712129517925421,1.1957182270792124,1.1247069802260374,1.0579129442875264,0.9950856696177871,0.9359895771007383,0.8804030803447301,0.8281177512365864,0.7789375402949291,0.7326780411723678,0.6891657982864656,0.6482376584845839
14.222222222222221,13.377593891997643,12.583126106547631,11.835840138327594,11.132933799570006,10.471771931883387,9.849875010880766,9.264911234585123,8.714687246095707,8.197139931772114,7.710328684531973,7.252428196120642,6.8217214757475375,6.416593374918586,6.035525055665728,5.677087696120131,5.339937114782965,5.022809234217192,4.724514937070666,4.443935717718706,4.1800195198575185,3.931776762545753,3.6982766324178495,3.478643593547509,3.2720541063994486,3.0777335331641815,2.8949532691692603,2.7230279423039776,2.561312914202358,2.409201802012947,2.266124262581942,2.131543798140149,2.0049557964342233,1.8858855911605292,1.7738867247355727,1.6685392369610934,1.5694481232262405,1.476241824295132,1.3885708581255984,1.3061064885395877,1.228539509820216,1.1555790733567375,1.086951608085215,1.0223997863132952,0.9616815648761661,0.9045692736548577,0.850848763952877,0.8003186050975114,0.7527893281515453,0.708082717724044
15.424242424242424,14.50822860304006,13.646614747654997,12.836170377291362,12.073856471550712,11.356815156240012,10.68235734489697,10.047954158530885,9.451226864196128,8.88993797998297,8.361982884432049,7.865381999628,7.398273219791544,6.958904888849918,6.545629801137481,6.1568983749825605,5.791252822637495,5.4473222305750415,5.123816980757751,4.819524034770221,4.533302419618207,4.264078917902962,4.010844046663396,3.7726482722635306,3.5485984520397458,3.3378544780836004,3.139626166208426,2.9531702186776823,2.777787514195315,2.6128204202228504,2.457650389888231,2.3116955822159166,2.1744087366158107,2.045275069390718,1.9238103896812657,1.8095592434940284,1.7020932415955052,1.6010094216609863,1.5059287644586583,1.416494749999966,1.3323720394143974,1.2532452024259515,1.1788175465526454,1.1088099955258544,1.0429600494076043,0.9810207960731313,0.9227599876108268,0.8679591690226569,0.8164128580166269,0.7679277769635057
16.626262626262626,15.638863314082476,14.710103388762366,13.836500616255135,13.014779143531424,12.241858380596641,11.514839678913178,10.830997082476653,10.187766482296555,9.582736028193832,9.013637084332132,8.478335803135362,7.974824963835553,7.501216402781252,7.055734546609234,6.63670905384499,6.242568530492025,5.871835226932889,5.523119024444834,5.1951123518217335,4.886585319378894,4.5963810732601695,4.3234114609089405,4.066652950979551,3.8251427976800416,3.5979754230030174,3.3842990632475907,3.1833124950513865,2.9942621141882713,2.8164390384327525,2.649176517194518,2.4918473662916827,2.343861676797397,2.2046645476209052,2.0737340546269576,1.9505792500269623,1.8347383599647689,1.7257770190268393,1.623286670791717,1.5268830114603436,1.4362045690085778,1.3509113314951648,1.2706834850200752,1.1952202047384133,1.1242385339390422,1.0574723184914048,0.9946712112687766,0.9355997329478021,0.8800363878817082,0.8277728362029672
17.828282828282827,16.769498025124893,15.773592029869725,14.8368308552189,13.955701815512125,13.126901604953263,12.34732201292938,11.614040006422414,10.924306100396972,10.275534076404684,9.665291284232206,9.091289606642718,8.551376707879557,8.043527916712582,7.565839292080982,7.116519732707417,6.693884238346551,6.296348223290735,5.922421068131915,5.570700668873244,5.239868219139581,4.928683228617375,4.635978875154485,4.360657629695569,4.101687143320337,3.858096367922435,3.6289719602867554,3.4134547714250902,3.2107367141812273,3.020057656642655,2.840702644500806,2.6719991503674496,2.5133146169789837,2.364054025851093,2.2236577195726497,2.091599256559897,1.9673834783340334,1.8505446163926935,1.7406445771247767,1.6372712729207217,1.5400370986027592,1.4485774605643789,1.3625494234875057,1.2816304139509724,1.2055170184704804,1.1339238409096783,1.0665824349267266,1.0032402968729477,0.9436599177467898,0.8876178954424289
19.03030303030303,17.90013273616731,16.837080670977095,15.83716109418267,14.896624487492833,14.011944829309888,13.179804346945586,12.397082930368178,11.660845718497397,10.968332124615541,10.316945484132285,9.704243410150076,9.127928451923564,8.585839430643915,8.075944037552734,7.596330411569845,7.14519994620108,6.720861219648583,6.321723111818998,5.946288985924756,5.593151118900267,5.260985383974581,4.948546289400028,4.654662308411589,4.3782314889606315,4.118217312841851,3.8736448573259192,3.643597047798793,3.4272113141741825,3.223676274852556,3.032228771807092,2.8521509344432148,2.6827675571605694,2.5234435040812797,2.373581384518341,2.23261926309283,2.100028596703296,1.9753122137585455,1.8580024834578344,1.7476595343810981,1.6438696281969387,1.546243589633591,1.4544153619549345,1.36804062316353,1.286795503001917,1.2103753633279506,1.1384936585846752,1.070880860798092,1.0072834476118704,0.9474629546818897
20.232323232323232,19.030767447209723,17.900569312084453,16.837491333146435,15.837547159473534,14.896988053666504,14.01228668096178,13.180125854313932,12.397385336597809,11.661130172826391,10.968599684032354,10.317197213657428,9.704480195967562,9.128150944575241,8.586048783024477,8.076141090432268,7.596515654055603,7.145374216006425,6.7210251555060765,6.321877302976263,5.946434018660951,5.593287539331786,5.261113703645569,4.948666987127606,4.654775834600925,4.378338257761266,4.118317754365082,3.873739324172495,3.6436859141671367,3.4272948930624567,3.223754899113378,3.03230271851898,2.852220497342155,2.6828329823114667,2.5235050494640316,2.373639269625763,2.2326737150725586,2.100079811124398,1.9753603897908922,1.8580477958414747,1.7477021577911183,1.6439097187028036,1.5462813004223634,1.4544508323760883,1.368073987533354,1.286826885746223,1.210404882242624,1.1385214247232365,1.070906977476951,1.0073080139213506
21.434343434343432,20.16140215825213,18.96405795319181,17.83782157211019,16.778469831454228,15.782031278023117,14.844769014977972,13.963168778259684,13.133924954698221,12.353928221037238,11.620253883932422,10.930151017164775,10.281031940011559,9.670462458506561,9.096153528496218,8.555951769294687,8.047831361910124,7.569887212364264,7.1203271991931505,6.697465620027768,6.29971691842163,5.925589694688985,5.573681117891108,5.24267166584362,4.931320180241216,4.638459202680679,4.3629906514042425,4.103881600546195,3.860160514160089,3.630913511272355,3.415281026419662,3.212454502594743,3.0216734375237384,2.8422224605416515,2.673428714409721,2.5146592761586946,2.3653188334418207,2.224847408490249,2.0927182961239494,1.9684360573018507,1.8515346873852976,1.7415758477720156,1.638147238889792,1.5408610415886457,1.4493524720647906,1.3632784081644949,1.282316105900572,1.2061619886483805,1.134530507342031,1.067153073160811
22.636363636363637,21.29203686929455,20.027546594299185,18.83815181107397,17.719392503434943,16.66707450237975,15.677251348994186,14.746211702205454,13.870464572798648,13.046726269248099,12.271908083832505,11.54310482067214,10.857583684055571,10.2127739724379,9.606258273967976,9.035762448157122,8.499147069764657,7.9944002087221175,7.519629242880239,7.073053937079285,6.652999818182322,6.257891850046196,5.886248532136656,5.536676344559643,5.207864525881515,4.898580147600099,4.60766354844341,4.334023876919902,4.076635114153048,3.83453212948226,3.606807153725952,3.392606286670512,3.1911263777053276,3.0016119387718416,2.8233523793554154,2.655679282691631,2.4979639518110868,2.349615005856105,2.2100762024570106,2.0788243187622304,1.9553672169794802,1.8392419768412307,1.7300131773572234,1.627271250801206,1.5306309565962297,1.4397299305827695,1.354227329558523,1.273802552573527,1.1981540372071138,1.1269981324002738
23.838383838383837,22.42267158033697,21.09103523540655,19.83848205003774,18.66031517541565,17.552117726736377,16.509733683010392,15.52925462615122,14.607004190899072,13.739524317458958,12.923562283732583,12.1560586241795,11.43413542809958,10.755085486369234,10.11636301943973,9.515573127019554,8.95046277761919,8.418913205079967,7.918931286567324,7.4486422541307995,7.006282717943011,6.590194005403405,6.198815946382203,5.830681023275664,5.484408871521812,5.158701092519518,4.852336445482576,4.564166153293607,4.293109714146006,4.038150747692163,3.7983332810322397,3.572758070746279,3.3605793178869146,3.1610014170020295,2.973276044301108,2.7966992892245655,2.630609070180351,2.474382603221959,2.32743410879007,2.1892125802226086,2.059199746573661,1.9369081059104445,1.8218791158246535,1.713681460013765,1.6119094411276678,1.5161814530010431,1.4261385532164728,1.3414431164986722,1.2617775670721951,1.1868431916397348
25.04040404040404,23.55330629137937,22.154523876513906,20.838812289001506,19.60123784739635,18.437160951092995,17.34221601702659,16.312297550096975,15.34354380899949,14.43232236566981,13.575216483632657,12.769012427686853,12.01068717214358,11.297397000300561,10.626467764911476,9.995383805881975,9.401778485473711,8.84342620143781,8.318233330254401,7.824230571182307,7.359565617703694,6.922496160760608,6.511383360627745,6.124685701991682,5.760953217162107,5.418822037438933,5.097009342521739,4.794308429667309,4.5095843141389595,4.241769365902064,3.9898594083385257,3.752909854822044,3.5300322580684997,3.320390895232216,3.1231997092467987,2.9377192957574985,2.763254188549614,2.5991502005878115,2.444792015123128,2.2996008416829854,2.1630322761678413,2.034574234979657,1.9137450542920829,1.8000916692263231,1.693187925659105,1.5926329754193156,1.4980497768744216,1.409083680423817,1.3254010969372756,1.246688250879196
26.242424242424242,24.68394100242179,23.218012517621272,21.839142527965265,20.54216051937705,19.322204175449613,18.174698351042785,17.095340474042732,16.080083427099904,15.125120413880659,14.226870683532727,13.381966231194205,12.58723891618758,11.839708514231887,11.13657251038322,10.475194484744396,9.853094193328234,9.267939197795652,8.717535373941478,8.199818888233814,7.712848517464376,7.254798316117811,6.823950774873285,6.418690380707697,6.037497562802399,5.678942982358347,5.3416822395609,5.0244507060410095,4.7260589141319125,4.445387984111963,4.18138553564481,3.9330616388978075,3.6994851982500836,3.479780373462401,3.2731233741924886,3.07873930229043,2.895899306918876,2.7239177979536624,2.562149921456185,2.4099891031433605,2.2668648057620198,2.1322403640488683,2.0056109927595105,1.88650187843888,1.774466410190541,1.669084497837587,1.5699610005323694,1.4767242443489603,1.3890246268023554,1.3065333101186558
27.444444444444443,25.81457571346421,24.28150115872864,22.839472766929042,21.483083191357764,20.207247399806242,19.007180685058998,17.8783833979885,16.816623045200327,15.817918462091518,14.878524883432807,13.994920034701567,13.16379066023159,12.382020028163224,11.646677255854973,10.95500516360683,10.304409901182765,9.6924521941535,9.116837417628563,8.575407205285329,8.066131417225066,7.587100471475018,7.136518189118829,6.712695059423718,6.314041908442695,5.939063927277765,5.586355136600066,5.254592982414715,4.942533514124871,4.649006602321867,4.3729116629511,4.113213422973576,3.8689381384316723,3.6391698516925906,3.423047039138182,3.219759308823366,3.0285444252881417,2.8486853953195177,2.6795078277892457,2.5203773646037404,2.370697335356202,2.2299064931180834,2.097476931226942,1.9729120876514405,1.8557448947219803,1.7455360202558619,1.6418722241903205,1.544364808274107,1.452648156667438,1.3663783693581186
28.646464646464647,26.945210424506627,25.344989799836004,23.839803005892804,22.42400586333846,21.09229062416286,19.839663019075196,18.661426321934254,17.553162663300746,16.51071651030237,15.53017908333288,14.60787383820892,13.740342404275594,12.924331542094551,12.156782001326723,11.434815842469256,10.755725609037293,10.116965190511348,9.516139461315646,8.95099552233684,8.419414316985753,7.919402626832225,7.449085603364374,7.006699738139737,6.59058625408299,6.199184872197182,5.831028033639229,5.484735258788417,5.1590081141178254,4.852625220531768,4.564437790257386,4.293365207049341,4.038391078613257,3.7985593299227767,3.5729707040838727,3.360779315356299,3.1611895436574047,2.9734529926853703,2.796865734122304,2.6307656260641172,2.4745298649503824,2.3275726221872963,2.1893428696943715,2.0593222968639986,1.9370233792534175,1.8219875426741345,1.7137834478482696,1.612005372199252,1.516271686532519,1.42622342859758
29.848484848484848,28.075845135549045,26.408478440943377,24.84013324485658,23.36492853531918,21.977333848519493,20.67214535309141,19.444469245880033,18.289702281401176,17.203514558513234,16.181833283232965,15.220827641716285,14.316894148319605,13.466643056025887,12.666886746798477,11.914626521331687,11.207041316891825,10.541478186869199,9.91544150500273,9.326583839388354,8.772697216746444,8.251704782189435,7.7616530176099205,7.300704416855759,6.867130599723288,6.459305817116602,6.075700930678397,5.714877535162124,5.375482714110785,5.056243838741673,4.755963917563674,4.473516991125109,4.207844018794845,3.9579488081529663,3.7228943690295666,3.5017993218892345,3.29383466202667,3.098220590051225,2.9142236404553645,2.7411538875244963,2.5783623945445644,2.4252387512565106,2.2812088081618023,2.145732506076558,2.0183018637848558,1.8984390650924081,1.7856946715062196,1.6796459361243974,1.5798952163976006,1.4860684878370414
31.05050505050505,29.206479846591442,27.471967082050725,25.840463483820336,24.305851207299867,22.8623770728761,21.504627687107597,20.227512169825776,19.026241899501585,17.89631260672408,16.833487483133034,15.833781445223634,14.893445892363602,14.008954569957211,13.17699149227022,12.394437200194107,11.658357024746344,10.965991183227038,10.314743548689806,9.70217215643986,9.12598011650712,8.584006937546635,8.074220431855458,7.594709095571773,7.1436749453635775,6.719426762036012,6.320373827717555,5.945019811535822,5.591957314103735,5.259862456951569,4.947490044869958,4.653668775200871,4.3772969589764275,4.117338286383149,3.8728180339752543,3.6428193284221644,3.4264797803959297,3.2229881874170747,3.03158154678842,2.851542148984871,2.682194924138742,2.522904880325722,2.37307474662923,2.232142715289115,2.099580348316292,1.9748905875106797,1.8576058951641676,1.7472865000495412,1.6435187462626806,1.5459135470765017
32.25252525252525,30.33711455763386,28.53545572315809,26.840793722784102,25.246773879280568,23.74742029723272,22.33711002112379,21.01055509377153,19.762781517601994,18.58911065493492,17.485141683033092,16.446735248730977,15.469997636407594,14.551266083888532,13.687096237741958,12.874247879056524,12.109672732600863,11.390504179584875,10.714045592376879,10.077760473491361,9.479263016267799,8.916309092903832,8.386787846100995,7.888713774287786,7.420219291003868,6.979547706955424,6.565046724756715,6.175162087909522,5.808431914096687,5.463481075161467,5.139016172176241,4.833820559276634,4.54674989915801,4.276727764613334,4.022741698920943,3.7838393349550956,3.559124898765191,3.3477557847829256,3.1489394531214763,2.961930410445246,2.7860274537329204,2.620571009394933,2.4649406850966575,2.3185529245016716,2.1808588328477274,2.051342109928951,1.9295171188221152,1.8149270639746846,1.7071422761277604,1.605758606315962
33.45454545454545,31.467749268676272,29.59894436426545,27.84112396174787,26.187696551261276,24.632463521589344,23.169592355139997,21.793598017717294,20.49932113570242,19.28190870314578,18.136795882933175,17.05968905223834,16.0465493804516,15.093577597819863,14.197200983213712,13.354058557918952,12.560988440455391,11.815017175942723,11.113347636063963,10.453348790542876,9.832545916028488,9.24861124826104,8.699355260346541,8.182718453003806,7.696763636644164,7.239668651874842,6.80971962179588,6.405304364283226,6.024906514089643,5.6670996933713695,5.330542299482529,5.013972343352401,4.716202839339598,4.436117242843522,4.172665363866635,3.92485934148803,3.691770017134455,3.472523382148779,3.2662973594545357,3.0723186719056237,2.8898599833271015,2.7182371384641466,2.5568066235640874,2.4049631337142303,2.2621373173791652,2.127793632347224,2.0014283424800645,1.8825676278998293,1.770765805992841,1.6656036655554227
34.656565656565654,32.59838397971868,30.66243300537281,28.841454200711635,27.128619223241976,25.517506745945965,24.0020746891562,22.576640941663054,21.23586075380284,19.974706751356635,18.78845008283325,17.6726428557457,16.623101124495612,15.635889111751199,14.707305728685466,13.833869236781386,13.012304148309925,12.239530172300572,11.512649679751048,10.82893710759439,10.18582881578918,9.58091340361825,9.011922674592087,8.476723131719828,7.973307982284462,7.499789596794262,7.054392518835046,6.635446640656931,6.2413811140826,5.870718311581272,5.522068426788816,5.194124127428167,4.885655779521184,4.59550672107371,4.322589028812328,4.065879348020966,3.8244151355037204,3.5972909795146335,3.3836552657875956,3.182706933366002,2.9936925129212826,2.8159032675333604,2.648672562031518,2.4913733429267904,2.343415801910604,2.204245154765498,2.073339566138015,1.9502081918249754,1.834389335857923,1.725448724794885
35.858585858585855,33.7290186907611,31.725921646480188,29.84178443967541,28.069541895222688,26.402549970302594,24.8345570231724,23.35968386560882,21.97240037190326,20.66750479956749,19.440104282733326,18.285596659253052,17.199652868539612,16.178200625682525,15.21741047415721,14.313679915643808,13.463619856164447,12.664043168658417,11.911951723438126,11.204525424645897,10.539111715549861,9.913215558975454,9.324490088837628,8.770727810435844,8.249852327924753,7.759910541713675,7.2990654158742085,6.865588917030633,6.457855714075554,6.074336929791173,5.713594554095103,5.374275911503933,5.05510871970277,4.754896199303897,4.472512693758018,4.206899354553897,3.9570602538729824,3.7220585768804857,3.501013172120653,3.2930951948263782,3.0975250425154623,2.913569396602573,2.7405385004989467,2.5777835521393477,2.424694286442041,2.2806966771837707,2.1452507897959636,2.01784875575012,1.8980128657230038,1.785293784034346
37.06060606060606,34.85965340180352,32.78941028758755,30.84211467863918,29.0104645672034,27.287593194659223,25.66703935718861,24.142726789554583,22.70893999000368,21.360302847778353,20.09175848263341,18.89855046276041,17.776204612583623,16.720512139613863,15.727515219628968,14.793490594506242,13.91493556401898,13.088556165016268,12.311253767125214,11.580113741697414,10.892394615310552,10.245517714332665,9.637057503083177,9.06473248915187,8.526396673565054,8.020031486633098,7.543738312913377,7.09573119340434,6.674330314068514,6.277955548001078,5.905120681401392,5.554427695579702,5.224561659884359,4.914285677534087,4.6224363587037125,4.347919361086834,4.089705372242249,3.846826174246341,3.618371078453714,3.4034834562867577,3.2013575721096448,3.0112355256717875,2.832404438966378,2.6641937613519078,2.5059727709734796,2.3571481996020447,2.2171620134539145,2.085489319675266,1.961636395588086,1.8451388432738083
38.26262626262626,35.99028811284593,33.85289892869491,31.842444917602936,29.95138723918409,28.172636419015834,26.499521691204805,24.925769713500337,23.445479608104094,22.053100895989196,20.743412682533474,19.511504266267764,18.352756356627623,17.262823653545187,16.237619965100713,15.273301273368663,14.366251271873503,13.513069161374109,12.71055581081229,11.955702058748921,11.245677515071234,10.577819869689865,9.949624917328716,9.358737167867885,8.802941019205345,8.28015243155251,7.788411209952536,7.325873469778039,6.890804914061466,6.481574166210977,6.096646808707677,5.734579479655465,5.394014600065942,5.073675155764271,4.7723600236494015,4.488939367619765,4.222350490611509,3.9715937716121914,3.7357289847867703,3.513871717747133,3.3051901017038228,3.108901654740999,2.9242703774338064,2.7506039705644647,2.5872512555049156,2.433599722020316,2.289073237111862,2.1531298836004096,2.025259925453166,1.9049839025132682
39.464646464646464,37.12092282388836,34.91638756980229,32.84277515656671,30.8923099111648,29.057679643372456,27.332004025221003,25.708812637446094,24.182019226204513,22.745898944200054,21.395066882433554,20.124458069775123,18.929308100671626,17.805135167476518,16.74772471057246,15.753111952231091,14.817566979728031,13.937582157731955,13.109857854499372,12.331290375800432,11.598960414831922,10.910122025047071,10.262192331574258,9.652741846583902,9.079485364845638,8.540273376471925,8.0330841069917,7.556015746151741,7.10727951405442,6.6851927844208765,6.288172936013962,5.9147312637312295,5.563467540247528,5.233064633994458,4.922283688595093,4.629959374152699,4.354995608980773,4.0963613689780445,3.8530868911198293,3.6242599792075105,3.4090226312980034,3.206567783810212,3.0161363159012353,2.837014179777023,2.668529740036353,2.510051244438589,2.360984460769811,2.2207704475255547,2.0888834553182467,1.9648289617527295
40.666666666666664,38.251557534930775,35.97987621090965,33.843105395530486,31.83323258314551,29.94272286772909,28.164486359237216,26.491855561391866,24.918558844304943,23.438696992410915,22.046721082333633,20.737411873282483,19.505859844715637,18.347446681407853,17.257829456044213,16.23292263109352,15.268882687582561,14.362095154089804,13.509159898186454,12.706878692851944,11.952243314592609,11.24242418040428,10.574759745819806,9.946746525299924,9.356029710485936,8.800394321391344,8.277757004030866,7.786158022525447,7.323754114047378,6.888811402630781,6.4796990633202505,6.094883047806997,5.732920480429115,5.392454112224646,5.072207353540786,4.770979380685633,4.487640727350037,4.221128966343898,3.970444797452888,3.7346482406678874,3.5128551608921836,3.3042339128794245,3.1080022543686647,2.9234243889895812,2.7498082245677904,2.586502766856862,2.43289568442776,2.2884110114506995,2.1525069851833276,2.0246740209921907
41.868686868686865,39.38219224597318,37.04336485201701,34.84343563449424,32.77415525512621,30.827766092085714,28.99696869325342,27.274898485337626,25.655098462405363,24.131495040621772,22.698375282233712,21.350365676789846,20.082411588759644,18.889758195339187,17.767934201515967,16.71273330995595,15.720198395437091,14.786608150447654,13.90846194187354,13.082467009903459,12.305526214353295,11.574726335761486,10.88732716006535,10.240751204015943,9.632574056126234,9.060515266310762,8.522429901070034,8.016300298899154,7.540228714040336,7.092430020840685,6.67122519062654,6.275034831882765,5.902373420610703,5.551843590454835,5.222131018486478,4.911999387218568,4.620285845719302,4.345896563709752,4.087802703785948,3.845036502128266,3.616687690486365,3.401900041948639,3.199868192836096,3.0098345982021413,2.831086709099229,2.662954289275136,2.504806908085711,2.356051575375845,2.2161305150484094,2.084519080231652
43.07070707070707,40.5128269570156,38.10685349312437,35.843765873458004,33.715077927106904,31.71280931644232,29.829451027269606,28.057941409283373,26.391638080505768,24.824293088832608,23.35002948213377,21.963319480297184,20.658963332803634,19.432069709270504,18.278038946987703,17.192543988818365,16.171514103291607,15.211121146805489,14.30776398556061,13.45805532695496,12.658809114113973,11.907028491118686,11.199894574310887,10.534755882731956,9.909118401766523,9.320636211230173,8.767102798109189,8.24644257527285,7.756703314033285,7.29604863905058,6.862751317932822,6.455186615958526,6.0718263607922855,5.711233068685019,5.372054683432167,5.053019393751499,4.752930964088563,4.470664161075603,4.205160610119004,3.9554247635886415,3.720520220080544,3.4995661710178507,3.2917341313035235,3.096244807414698,2.912365193630665,2.7394058116934072,2.5767181317436587,2.423692139300989,2.2797540449134894,2.144364139471113
44.27272727272727,41.643461668058016,39.17034213423173,36.84409611242177,34.65600059908761,32.59785254079894,30.661933361285804,28.84098433322913,27.128177698606184,25.51709113704346,24.001683682033846,22.576273283804536,21.235515076847634,19.974381223201824,18.788143692459446,17.67235466768079,16.62282981114613,15.635634143163331,14.70706602924769,13.833643644006468,13.012092013874657,12.23933064647589,11.512461988556428,10.828760561447972,10.185662747406814,9.580757156149588,9.011775695148351,8.476584851646551,7.973177914026238,7.49966725726048,7.054277445239106,6.63533840003429,6.241279300973869,5.870622546915204,5.521978348377857,5.194039400284431,4.885576082457826,4.595431758441455,4.322518516452062,4.065813025049018,3.8243527496747234,3.597232300087063,3.383600069770953,3.182655016627256,2.993643678162102,2.8158573341116795,2.6486293554016074,2.491332703226133,2.34337757477857,2.2042091987105734
45.474747474747474,42.77409637910044,40.233830775339115,37.844426351385565,35.59692327106834,33.48289576515559,31.494415695302035,29.624027257174916,27.864717316706624,26.209889185254337,24.65333788193394,23.189227087311913,21.812066820891655,20.516692737133173,19.298248437931214,18.152165346543228,17.07414551900067,16.060147139521188,15.106368072934782,14.209231961057988,13.365374913635351,12.571632801833102,11.825029402801977,11.122765240163998,10.462207093047118,9.840878101069011,9.256448592187521,8.70672712802026,8.1896525140192,7.703285875470386,7.245803572545397,6.81549018411006,6.410732241155459,6.030012025145394,5.671902013323551,5.335059406817368,5.018221200827091,4.72019935580731,4.439876422785122,4.176201286509397,3.928185279268906,3.694898429156278,3.4754660082383837,3.2690652258398165,3.0749221626935412,2.8923088565299544,2.7205405790595583,2.5589732671512797,2.4070011046436526,2.264054257950036
46.676767676767675,43.90473109014284,41.29731941644646,38.84475659034931,36.53784594304902,34.36793898951218,32.32689802931821,30.407070181120652,28.601256934807022,26.90268723346517,25.304992081833998,23.80218089081925,22.388618564935644,21.05900425106449,19.80835318340295,18.631976025405645,17.52546122685519,16.484660135879025,15.505670116621856,14.584820278109493,13.718657813396032,12.903934957190302,12.137596817047514,11.41676991888001,10.738751438687405,10.100999045988422,9.501121489226682,8.93686940439396,8.406127114012152,7.906904493680286,7.437329699851683,6.995641968185825,6.580185181337043,6.1894015033755805,5.821825678269241,5.476079413350299,5.1508663191963535,4.844966953173163,4.55723432911818,4.286589547969774,4.032017808863086,3.7925645582254903,3.5673319467058127,3.3554754350523734,3.1562006472249773,2.968760378948226,2.7924518027175065,2.626613831076423,2.470624634508732,2.3238993171894964
47.878787878787875,45.03536580118526,42.36080805755381,39.84508682931306,37.47876861502971,35.252982213868805,33.159380363334414,31.190113105066416,29.337796552907445,27.59548528167603,25.956646281734074,24.41513469432661,22.965170308979655,21.601315764995825,20.3184579288747,19.11178670426807,17.976776934709715,16.90917313223687,15.904972160308935,14.960408595161,14.071940713156716,13.236237112547505,12.450164231293057,11.710774597596028,11.0152957843277,10.361119990907836,9.745794386265842,9.16701168076766,8.622601714005103,8.110523111890183,7.628855827157966,7.175793752261587,6.749638121518626,6.348790981605764,5.97174934321493,5.617099419883231,5.283511437565616,4.969734550539014,4.674592235451239,4.396977809430151,4.135850338457265,3.890230687294703,3.6591978851732416,3.4418856442649317,3.2374791317564147,3.0452119013664993,2.864363026375456,2.694254395001569,2.534248164373814,2.3837443764289583
49.08080808080808,46.16600051222767,43.42429669866119,40.845417068276845,38.41969128701043,36.138025438225434,33.99186269735062,31.97315602901218,30.074336171007868,28.288283329886887,26.608300481634153,25.028088497833966,23.54172205302366,22.143627278927156,20.82856267434645,19.5915973831305,18.428092642564245,17.333686128594724,16.304274203996023,15.335996912212519,14.425223612917407,13.568539267904717,12.762731645538606,12.004779276312052,11.291840129967998,10.621240935827256,9.99046728330501,9.397153957141366,8.839076313998063,8.314141730100088,7.820381954464256,7.355945536337357,6.9190910617002155,6.5081804598359545,6.121673008160625,5.758119426416168,5.416156555934882,5.09450214790487,4.791950141784299,4.50736607089053,4.239682868051448,3.987896816363918,3.751063823640673,3.5282958534774918,3.3187576162878534,3.1216634237847734,2.936274250033406,2.7618949589267148,2.5978716942388957,2.44358943566842
50.282828282828284,47.29663522327009,44.48778533976855,41.84574730724061,39.36061395899114,37.02306866258206,34.82434503136683,32.756198952957945,30.810875789108294,28.98108137809775,27.259954681534236,25.641042301341333,24.118273797067673,22.685938792858494,21.338667419818208,20.071408061992937,18.879408350418778,17.758199124952572,16.703576247683106,15.711585229264031,14.778506512678096,13.900841423261927,13.075299059784154,12.298783955028075,11.5683844756083,10.88136188074668,10.235140180344178,9.627296233515073,9.05555091399102,8.517760348309992,8.011908081770544,7.536097320413124,7.088544001881803,6.667569938066142,6.271596673106316,5.899139432949101,5.548801674304144,5.219269745270722,4.9093080481173565,4.6177543323509065,4.343515397645627,4.08556294543313,3.8429297621081018,3.6147060626900496,3.4000361008192903,3.1981149462030456,3.0081854736913547,2.829535522851859,2.661495224103976,2.5034344949078804
51.484848484848484,48.4272699343125,45.551273980875926,42.84607754620439,40.30153663097185,37.90811188693869,35.65682736538303,33.539241876903716,31.547415407208717,29.673879426308602,27.91160888143431,26.25399610484869,24.694825541111676,23.228250306789825,21.848772165289958,20.55121874085536,19.330724058273304,18.18271212131042,17.10287829137019,16.087173546315544,15.131789412438783,14.233143578619133,13.387866474029696,12.592788633744092,11.844928821248592,11.141482825666094,10.479813077383342,9.857438509888777,9.272025513983978,8.721378966519895,8.203434209076832,7.716249104488892,7.257996942063391,6.826959416296332,6.421520338052011,6.0401594394820375,5.681446792673411,5.344037342636577,5.026665954450418,4.7281425938112855,4.447347927239809,4.183229074502345,3.9347957005755325,3.7011162719026096,3.4813145853507295,3.2745664686213196,3.080096697349305,2.8971760867770047,2.725118753969058,2.5632795541473423
52.686868686868685,49.55790464535491,46.61476262198328,43.84640778516815,41.24245930295255,38.7931551112953,36.48930969939922,34.32228480084946,32.28395502530912,30.366677474519445,28.563263081334377,26.866949908356037,25.271377285155673,23.77056182072115,22.358876910761698,21.031029419717783,19.782039766127824,18.60722511766826,17.502180335057265,16.46276186336705,15.485072312199462,14.565445733976333,13.700433888275235,12.886793312460107,12.121473166888883,11.401603770585506,10.724485974422501,10.087580786262475,9.48850011397693,8.924997584729793,8.394960336383116,7.896400888564654,7.427449882244972,6.9863488945265155,6.571444002997698,6.181179446014967,5.81409191104267,5.468804940002427,5.144023860783473,4.838530855271659,4.551180456833986,4.280895203571554,4.02666163904296,3.7875264811151657,3.5625930698821646,3.3510179910395905,3.1520079210072525,2.9648166507021476,2.7887422838341367,2.623124613386802
53.888888888888886,50.688539356397335,47.67825126309065,44.84673802413191,42.18338197493325,39.67819833565193,37.321792033415434,35.10532772479524,33.020494643409556,31.059475522730317,29.214917281234467,27.479903711863408,25.847929029199687,24.312873334652487,22.86898165623346,21.510840098580218,20.233355473982364,19.031738114026112,17.90148237874435,16.838350180418562,15.838355211960153,14.897747889333543,14.013001302520783,13.180797991176131,12.398017512529181,11.661724715504928,10.969158871461671,10.317723062636183,9.70497471396989,9.128616202939698,8.586486463689408,8.076552672640423,7.5969028224265625,7.145738372756706,6.721367667943393,6.3221994525479035,5.946737029411937,5.593572537368282,5.261381767116534,4.948919116732039,4.6550129864281695,4.37856133264077,4.118527577510392,3.8739366903277266,3.643871554413604,3.4274695134578654,3.2239191446652034,3.032457214627294,2.8523658136992194,2.682969672626265
55.090909090909086,51.81917406743976,48.74173990419802,45.84706826309569,43.12430464691396,40.56324156000855,38.15427436743163,35.88837064874099,33.757034261509965,31.75227357094116,29.866571481134528,28.092857515370753,26.424480773243683,24.85518484858381,23.379086401705198,21.990650777442635,20.68467118183688,19.456251110383953,18.300784422431427,17.21393849747007,16.191638111720835,15.230050044690744,14.325568716766321,13.474802669892146,12.674561858169472,11.921845660424339,11.213831768500828,10.547865339009881,9.92144931396284,9.332234821149596,8.77801259099569,8.256704456716186,7.766355762608146,7.305127850986891,6.871291332889083,6.463219459080836,6.079382147781198,5.718340134734134,5.378739673449591,5.059307378192416,4.758845516022348,4.476227461709983,4.21039351597782,3.960346899540284,3.7251500389450407,3.503921035876138,3.2958303683231525,3.1000977785524393,2.9159893435643003,2.7428147318657263
56.292929292929294,52.94980877848218,49.80522854530539,46.84739850205946,44.06522731889468,41.448284784365185,38.98675670144785,36.67141357268676,34.49357387961041,32.44507161915203,30.51822568103462,28.705811318878123,27.0010325172877,25.397496362515152,23.889191147176955,22.470461456305067,21.135986889691413,19.8807641067418,18.700086466118513,17.589526814521587,16.544921011481527,15.562352200047954,14.63813613101187,13.768807348608167,12.95110620380977,12.181966605343758,11.458504665539996,10.778007615383586,10.137923913955797,9.5358534393595,8.969538718301978,8.436856240791952,7.935808702789733,7.464517329217079,7.021214997834774,6.6042394656137695,6.2120272661504625,5.843107732099988,5.496097579782651,5.169695639652794,4.86267804561653,4.573893590779196,4.302259454445251,4.046757108752844,3.806428523476479,3.5803725582944113,3.367741591981102,3.167738342477584,2.9796128734293816,2.8026597911051874
57.494949494949495,54.080443489524576,50.86871718641274,47.84772874102322,45.006149990875365,42.333328008721786,39.81923903546403,37.4544564966325,35.230113497710796,33.137869667362864,31.169879880934676,29.318765122385457,27.577584261331683,25.93980787644646,24.399295892648688,22.95027213516748,21.587302597545925,20.305277103099634,19.09938850980558,17.965115131573082,16.898203911242195,15.894654355405144,14.950703545257397,14.062812027324172,13.227650549450054,12.442087550263164,11.70317756257915,11.00814989175728,10.354398513948745,9.739472057569394,9.161064845608259,8.617008024867712,8.105261642971312,7.62390680744726,7.171138662780461,6.7452594721466985,6.344672384519722,5.967875329465836,5.613455486115705,5.280083901113167,4.966510575210706,4.671559719848406,4.3941253929126765,4.133167317965398,3.8877070080079132,3.6568240807126813,3.4396528156390485,3.2353789064027265,3.0432364032944603,2.862504850344646
58.696969696969695,55.21107820056699,51.9322058275201,48.84805897998698,45.947072662856066,43.21837123307841,40.651721369480235,38.23749942057827,35.966653115811226,33.830667715573725,31.821534080834763,29.931718925892827,28.154136005375697,26.4821193903778,24.909400638120445,23.430082814029916,22.038618305400462,20.72979009945749,19.49869055349267,18.3407034486246,17.251486811002888,16.22695651076236,15.26327095950295,14.356816706040199,13.504194895090356,12.702208495182587,11.94785045961832,11.23829216813099,10.570873113941705,9.943090675779299,9.352590972914546,8.79715980894348,8.274714583152901,7.78329628567745,7.321062327726154,6.886279478679634,6.477317502888987,6.092642926831691,5.730813392448765,5.3904721625735466,5.070343104804889,4.769225848917621,4.4859913313801085,4.219577527177958,3.9689854925393524,3.7332756031309553,3.511564039296999,3.3030194703278726,3.106859933159542,2.922349909584108
59.898989898989896,56.34171291160941,52.99569446862746,49.84838921895075,46.88799533483677,44.10341445743504,41.48420370349645,39.02054234452404,36.70319273391165,34.523465763784586,32.47318828073484,30.544672729400183,28.730687749419708,27.024430904309135,25.419505383592202,23.909893492892348,22.48993401325499,21.154303095815337,19.89799259717975,18.716291765676115,17.60476971076358,16.559258666119568,15.575838373748498,14.650821384756222,13.780739240730655,12.962329440102009,12.192523356657489,11.468434444504698,10.787347713934667,10.146709293989206,9.54411710022084,8.977311593019252,8.444167523334492,7.942685763907642,7.47098599267185,7.0272994852125725,6.609962621258254,6.217410524197549,5.848171298781828,5.500860424033927,5.174175634399073,4.866891977986837,4.577857269847541,4.30598773639052,4.050263977070793,3.809727125549231,3.583475262954951,3.37066003425302,3.1704834630246257,2.982194968823572
61.1010101010101,57.472347622651824,54.05918310973482,50.84871945791452,47.82891800681747,44.988457681791644,42.316686037512625,39.80358526846977,37.439732352012044,35.21626381199542,33.124842480634896,31.15762653290752,29.307239493463694,27.566742418240448,25.92961012906394,24.389704171754758,22.941249721109504,21.57881609217317,20.297294640866824,19.091880082727616,17.958052610524255,16.891560821476766,15.888405787994031,14.944826063472231,14.057283586370941,13.222450385021416,12.437196253696644,11.698576720878393,11.003822313927614,10.3503279121991,9.73564322752712,9.157463377095011,8.613620463516073,8.102075242137824,7.6209096576175375,7.1683194917455015,6.7426077396275135,6.342178121563396,5.9655292051148825,5.611248685494299,5.278008163993248,4.964558107056046,4.669723208314966,4.392397945603074,4.131542461602226,3.8861786479675007,3.6553864866128967,3.438300598178162,3.234106992889704,3.04204002806303
62.303030303030305,58.602982333694236,55.12267175084219,51.84904969687828,48.76984067879817,45.87350090614827,43.14916837152884,40.586628192415546,38.176271970112474,35.90906186020628,33.776496680534976,31.770580336414877,29.883791237507698,28.10905393217178,26.43971487453568,24.869514850617183,23.392565428964026,22.00332908853101,20.696596684553903,19.467468399779122,18.31133551028494,17.22386297683397,16.200973202239574,15.23883074218825,14.333827932011236,13.482571329940832,12.681869150735807,11.928718997252094,11.220296913920567,10.553946530409,9.927169354833406,9.337615161170776,8.783073403697658,8.26146472036801,7.770833322563228,7.309339498278435,6.875252857996777,6.466945718929249,6.08288711144794,5.721636946954676,5.381840693587428,5.062224236125258,4.761589146782395,4.478808154815631,4.212820946133663,3.9626301703857725,3.727297710270845,3.505941162103306,3.297730522754784,3.1018850873024904
63.505050505050505,59.73361704473665,56.18616039194956,52.84937993584205,49.71076335077888,46.758544130504895,43.98165070554504,41.3696711163613,38.91281158821289,36.601859908417126,34.42815088043505,32.38353413992223,30.460342981551705,28.65136544610311,26.949819620007435,25.349325529479614,23.84388113681856,22.427842084888862,21.09589872824099,19.843056716830638,18.664618410045627,17.556165132191175,16.51354061648512,15.532835420904272,14.610372277651532,13.74269227486025,12.926542047774973,12.158861273625801,11.436771513913524,10.757565148618903,10.118695482139692,9.517766945246542,8.952526343879242,8.420854198598196,7.920756987508918,7.450359504811367,7.007897976366039,6.5917133162951025,6.200245017780999,5.832025208415054,5.4856732231816085,5.159890365194472,4.853455085249825,4.565218364028191,4.294099430665101,4.0390816928040465,3.799208933928795,3.5735817260284515,3.3613540526198658,3.1617301465419523
64.7070707070707,60.86425175577903,57.24964903305688,53.849710174805786,50.651686022759556,47.643587354861495,44.81413303956121,42.15271404030703,39.649351206313284,37.29465795662796,35.079805080335106,32.99648794342957,31.036894725595694,29.193676960034427,27.459924365479168,25.829136208342025,24.29519684467307,22.8523550812467,21.495200771928054,20.218645033882137,19.0179013098063,17.888467287548373,16.82610803073065,15.826840099620279,14.886916623291816,14.002813219779656,13.171214944814126,12.389003549999495,11.653246113906473,10.961183766828798,10.310221609445973,9.697918729322302,9.121979284060824,8.58024367682838,8.070680652454607,7.591379511344298,7.140543094735301,6.716480913660952,6.3176029241140546,5.9424134698754285,5.5895057527757865,5.2575564942636825,4.945321023717252,4.651628573240747,4.375377915196537,4.1155332152223165,3.871120157586742,3.6412222899535944,3.424977582484945,3.2215752057814115
65.9090909090909,61.99488646682145,58.31313767416425,54.850040413769555,51.592608694740264,48.52863057921812,45.64661537357742,42.93575696425281,40.385890824413714,37.98745600483882,35.731459280235185,33.60944174693693,31.61344646963969,29.73598847396575,27.970029110950914,26.308946887204453,24.7465125525276,23.276868077604544,21.894502815615137,20.59423335093365,19.37118420956699,18.22076944290558,17.1386754449762,16.120844778336302,15.163460968932117,14.262934164699077,13.415887841853296,12.619145826373204,11.869720713899433,11.164802385038705,10.501747736752266,9.878070513398074,9.291432224242415,8.73963315505857,8.220604317400301,7.7323995178772345,7.273188213104567,6.841248511026808,6.434960830447116,6.052801731335808,5.693338282369969,5.355222623332898,5.037186962184684,4.738038782453307,4.456656399727975,4.191984737640591,3.9430313812446927,3.7088628538787405,3.488601112350027,3.2814202650208744
67.11111111111111,63.12552117786394,59.376626315271686,55.85037065273338,52.53353136672102,49.41367380357479,46.47909770759367,43.7187998881986,41.12243044251418,38.680254053049715,36.38311348013529,34.222395550444325,32.18999821368374,30.278299987897118,28.480133856422697,26.788757566066906,25.197828260382153,23.701381073962413,22.29380485930224,20.96982166798518,19.724467109327698,18.553071598262804,17.451242859221757,16.414849457052334,15.440005314572424,14.523055109618506,13.660560738892471,12.849288102746916,12.086195313892397,11.368421003248613,10.69327386405856,10.058222297473845,9.460885164424008,8.899022633288764,8.370527982346,7.873419524410174,7.405833331473835,6.966016108392665,6.552318736780179,6.163189992796189,5.797170811964152,5.452888752402114,5.129052900652116,4.824448991665869,4.537934884259416,4.268436260058867,4.014942604902645,3.776503417803888,3.5522246422151103,3.3412653242603376
68.31313131313131,64.2561558889063,60.440114956379006,56.850700891697116,53.47445403870169,50.298717027931374,47.31158004160984,44.50184281214434,41.85897006061456,39.37305210126054,37.034767680035344,34.835349353951656,32.76654995772771,30.820611501828424,28.990238601894422,27.268568244929313,25.64914396823666,24.12589407032024,22.693106902989307,21.345409985036675,20.077750009088366,18.885373753619994,17.763810273467286,16.70885413576834,15.716549660212706,14.783176054537911,13.905233635931623,13.079430379120609,12.302669913885342,11.572039621458506,10.884799991364837,10.238374081549603,9.630338104605585,9.058412111518942,8.520451647291683,8.0144395309431,7.538478449843092,7.090783705758513,6.669676643113232,6.273578254256562,5.901003341558329,5.550554881471323,5.220918839119542,4.910859200878424,4.6192133687908505,4.344887782477138,4.086853828560592,3.844143981729031,3.61584817208019,3.4011103834997973
69.51515151515152,65.38679059994875,61.5036035974864,57.851031130660914,54.41537671068242,51.18376025228802,48.14406237562606,45.28488573609012,42.59550967871501,40.065850149471416,37.68642187993544,35.44830315745903,33.34310170177174,31.362923015759772,29.500343347366194,27.74837892379176,26.100459676091205,24.5504070666781,23.0924089466764,21.720998302088198,20.431032908849062,19.21767590897721,18.07637768771284,17.002858814484366,15.993094005853008,15.043296999457333,14.149906532970792,13.309572655494318,12.519144513878304,11.775658239668413,11.07632611867113,10.418525865625375,9.799791044787177,9.217801589749135,8.670375312237377,8.155459537476037,7.671123568212359,7.215551303124368,6.787034549446293,6.383966515716942,6.004835871152512,5.648221010540539,5.312784777586974,4.9972694100909845,4.70049185332229,4.421339304895412,4.158765052218542,3.9117845456541764,3.679471701945271,3.460955442739259
70.71717171717171,66.51742531099114,62.567092238593744,58.85136136962466,55.35629938266312,52.06880347664464,48.976544709642255,46.06792866003587,43.332049296815406,40.758648197682255,38.338076079835496,36.06125696096637,33.919653445815726,31.905234529691086,30.010448092837926,28.22818960265417,26.551775383945717,24.974920063035935,23.491710990363465,22.096586619139696,20.784315808609737,19.549978064334407,18.388945101958377,17.29686349320038,16.2696383514933,15.303417944376745,14.394579430009951,13.539714931868016,12.735619113871254,11.97927685787831,11.267852245977412,10.598677649701136,9.96924398496876,9.37719106797932,8.820298977183068,8.296479544008971,7.803768686581622,7.340318900490221,6.904392455779352,6.4943547771773185,6.1086684007466925,5.745887139609751,5.4046507160544035,5.083679619303544,4.781770337853727,4.497790827313684,4.230676275876491,3.9794251095793216,3.7430952318103525,3.5208005019787203
71.91919191919192,67.64806002203352,63.630580879701085,59.85169160858841,56.297222054643804,52.95384670100125,49.809027043658446,46.850971583981625,44.06858891491583,41.45144624589311,38.989730279735575,36.67421076447373,34.49620518985974,32.447546043622424,30.52055283830968,28.708000281516604,27.00309109180025,25.399433059393786,23.89101303405056,22.472174936191216,21.137598708370433,19.88228021969162,18.701512516203923,17.5908681719164,16.546182697133595,15.563538889296167,14.63925232704912,13.769857208241723,12.952093713864212,12.182895476088214,11.459378373283702,10.778829433776904,10.138696925150347,9.536580546209507,8.97022264212876,8.437499550541903,7.9364138049508846,7.465086497856074,7.02175036211241,6.604743038637696,6.212500930340872,5.8435532686789635,5.496516654521832,5.170089828516101,4.8630488223851644,4.574242349731957,4.30258749953444,4.047065673504466,3.8067187616754334,3.5806455612181813
73.12121212121212,68.77869473307594,64.69406952080845,60.852021847552166,57.2381447266245,53.83888992535786,50.641509377674645,47.63401450792738,44.80512853301624,42.144244294103956,39.64138447963564,37.28716456798107,35.072756933903726,32.98985755755374,31.03065758378142,29.187810960379018,27.454406799654766,25.823946055751627,24.290315077737635,22.84776325324272,21.49088160813111,20.21458237504882,19.014079930449462,17.884872850632416,16.822727042773884,15.823659834215576,14.88392522408828,13.999999484615422,13.168568313857165,12.386514094298112,11.650904500589984,10.958981217852667,10.30814986533193,9.695970024439692,9.12014630707445,8.578519557074834,8.069058923320146,7.5898540952219244,7.139108268445466,6.715131300098071,6.31633345993505,5.941219397748176,5.5883825929892605,5.256500037728658,4.9443273069166,4.650693872150229,4.374498723192389,4.11470623742961,3.870342291540513,3.6404906204576415
74.32323232323232,69.90932944411837,65.75755816191584,61.85235208651597,58.17906739860523,54.723933149714505,51.47399171169086,48.417057431873154,45.54166815111667,42.837042342314824,40.293038679535734,37.90011837148845,35.649308677947744,33.532169071485086,31.540762329253177,29.667621639241457,27.905722507509306,26.24845905210948,24.689617121424725,23.22335157029424,21.844164507891804,20.546884530406032,19.32664734469501,18.178877529348444,17.099271388414188,16.083780779134997,15.128598121127448,14.23014176098913,13.385042913850123,12.590132712508018,11.842430627896277,11.139133001928437,10.477602805513522,9.855359502669884,9.270069972020147,8.719539563607775,8.201704041689416,7.714621692587784,7.256466174778531,6.825519561558453,6.420165989529235,6.038885526817392,5.6802485314566935,5.34291024694122,5.025605791448041,4.727145394568505,4.44640994685034,4.182346801354758,3.9339658214055966,3.700335679697105
75.52525252525253,71.03996415516082,66.82104680302322,62.85268232547973,59.11999007058593,55.60897637407112,52.306474045707056,49.200100355818904,46.27820776921708,43.52984039052567,40.9446928794358,38.5130721749958,36.22586042199175,34.07448058541641,32.05086707472493,30.147432318103878,28.35703821536383,26.67297204846732,25.088919165111797,23.598939887345743,22.197447407652483,20.879186685763226,19.63921475894055,18.472882208064455,17.375815734054477,16.34390172405441,15.373271018166609,14.460284037362829,13.601517513843078,12.793751330717917,12.03395675520256,11.3192847860042,10.647055745695102,10.014748980900066,9.419993636965833,8.860559570140701,8.334349160058673,7.8393892899536315,7.373824081111585,6.935907823018827,6.523998519123412,6.136551655886603,5.77211446992412,5.429320456153775,5.106884275979475,4.803596916986774,4.518321170508287,4.2499873652799,3.997589351270675,3.760180738936564
76.72727272727272,72.1705988662032,67.88453544413056,63.85301256444351,60.06091274256664,56.49401959842775,53.13895637972326,49.98314327976467,47.01474738731751,44.22263843873653,41.596347079335885,39.126025978503165,36.802412166035765,34.616792099347755,32.560971820196684,30.627242996966316,28.808353923218366,27.097485044825177,25.48822120879889,23.974528204397263,22.55073030741318,21.21148884112045,19.951782173186103,18.766886886780487,17.65236007969478,16.604022668973837,15.61794391520578,14.69042631373654,13.817992113836038,12.997369948927824,12.225482882508851,11.49943657007997,10.816508685876695,10.174138459130258,9.569917301911529,9.00157957667364,8.466994278427942,7.964156887319488,7.491181987444646,7.046296084479207,6.627831048717596,6.234217784955819,5.863980408391552,5.515730665366337,5.188162760510916,4.880048439405051,4.5902323941662395,4.317627929205048,4.061212881135759,3.8200257981760273
77.92929292929293,73.30123357724563,68.94802408523793,64.85334280340726,61.00183541454734,57.37906282278438,53.971438713739474,50.76618620371043,47.751287005417936,44.91543648694739,42.248001279235964,39.73897978201052,37.37896391007976,35.15910361327908,33.071076565668434,31.107053675828737,29.25966963107289,27.521998041183018,25.887523252485963,24.35011652144877,22.90401320717386,21.543790996477643,20.26434958743164,19.060891565496494,17.92890442533507,16.864143613893248,15.862616812244937,14.920568590110236,14.034466713828987,13.20098856713772,12.417009009815134,11.679588354155731,10.985961626058277,10.333527937360442,9.719840966857218,9.142599583206572,8.599639396797203,8.08892448468534,7.608539893777704,7.156684345939582,6.731663578311774,6.331883914025029,5.955846346858981,5.602140874578894,5.269441245042352,4.956499961823323,4.662143617824188,4.385268493130192,4.12483641100084,3.8798708574154883
79.13131313131314,74.43186828828804,70.01151272634529,65.85367304237104,61.942758086528045,58.264106047141,54.803921047755665,51.54922912765619,48.487826623518345,45.608234535158246,42.89965547913604,40.35193358551787,37.955515654123765,35.7014151272104,33.58118131114017,31.58686435469116,29.710985338927408,27.94651103754086,26.286825296173042,24.725704838500278,23.257296106934543,21.87609315183485,20.57691700167718,19.354896244212515,18.205448770975366,17.124264558812666,16.107289709284103,15.15071086648394,14.250941313821945,13.404607185347624,12.60853513712142,11.859740138231498,11.155414566239862,10.492917415590629,9.869764631802909,9.283619589739505,8.732284515166466,8.213692082051193,7.725897800110761,7.2670726073999585,6.8354961079059535,6.429550043094241,6.0477122853264085,5.688551083791451,5.350719729573788,5.032951484241593,4.734054841482134,4.452909057055335,4.188459940865918,3.9397159166549476
80.33333333333333,75.56250299933045,71.07500136745264,66.85400328133478,62.88368075850874,59.14914927149762,55.63640338177187,52.332272051601954,49.22436624161877,46.30103258336909,43.55130967903611,40.96488738902522,38.53206739816777,36.243726641141734,34.09128605661193,32.066675033553594,30.16230104678194,28.37102403389871,26.68612733986013,25.10129315555179,23.610579006695232,22.20839530719206,20.889484415922727,19.648900922928533,18.481993116615662,17.38438550373208,16.351962606323266,15.380853142857644,14.467415913814902,13.608225803557525,12.800061264427708,12.039891922307266,11.324867506421448,10.652306893820818,10.019688296748601,9.424639596272439,8.86492963353573,8.338459679417046,7.843255706443821,7.377460868860338,6.939328637500135,6.527216172163456,6.13957822379384,5.7749612930040115,5.431998214105227,5.109403006659869,4.805966065140086,4.520549620980481,4.252083470731002,3.999560975894411
81.53535353535354,76.69313771037288,72.13849000856004,67.85433352029857,63.82460343048946,60.03419249585425,56.46888571578808,53.115314975547726,49.960905859719205,46.99383063157996,44.20296387893619,41.57784119253259,39.10861914221177,36.786038155073065,34.60139080208368,32.546485712416015,30.613616754636467,28.795537030256554,27.08542938354721,25.476881472603303,23.96386190645592,22.540697462549268,21.202051830168276,19.942905601644558,18.758537462255962,17.6445064486515,16.596635503362435,15.610995419231353,14.683890513807862,13.811844421767432,12.991587391733999,12.220043706383036,11.494320446603037,10.811696372051008,10.169611961694295,9.565659602805376,8.997574751904997,8.4632272767829,7.960613612776882,7.4878491303207175,7.043161167094318,6.624882301232672,6.231444162261273,5.861371502216572,5.513276698636667,5.185854529078143,4.877877288798037,4.588190184905628,4.315707000596084,4.059406035133874
82.73737373737373,77.82377242141528,73.20197864966738,68.85466375926232,64.76552610247015,60.91923572021085,57.30136804980427,53.89835789949347,50.6974454778196,47.68662867979079,44.854618078836246,42.19079499603993,39.68517088625577,37.32834966900439,35.111495547555414,33.026296391278436,31.06493246249099,29.220050026614395,27.484731427234284,25.852469789654805,24.317144806216593,22.872999617906462,21.514619244413804,20.236910280360565,19.03508180789624,17.904627393570905,16.841308400401587,15.841137695605044,14.900365113800806,14.015463039977323,13.183113519040276,12.400195490458792,11.663773386784616,10.971085850281188,10.319535626639981,9.706679609338304,9.130219870274253,8.587994874148748,8.077971519109935,7.598237391781089,7.146993696688493,6.722548430301878,6.323310100728696,5.9477817114291245,5.594555183168099,5.262306051496411,4.9497885124559815,4.655830748830768,4.37933053046116,4.11925109437333
83.93939393939394,78.95440713245767,74.26546729077474,69.85499399822608,65.70644877445083,61.804278944567464,58.13385038382046,54.68140082343922,51.43398509592001,48.37942672800165,45.50627227873632,42.803748799547286,40.26172263029977,37.87066118293571,35.621600293027164,33.50610707014086,31.516248170345513,29.644563022972235,27.884033470921363,26.228058106706317,24.670427705977286,23.20530177326367,21.827186658659357,20.53091495907659,19.311626153536544,18.16474833849033,17.08598129744076,16.071279971978754,15.11683971379377,14.219081658187232,13.374639646346571,12.580347274534565,11.833226326966209,11.130475328511382,10.469459291585679,9.847699615871244,9.262864988643523,8.712762471514608,8.195329425443,7.708625653241471,7.250826226282678,6.820214559371098,6.4151760391961306,6.034191920641689,5.675833667699542,5.338757573914689,5.021699736113935,4.723471312755917,4.442954060326246,4.179096153612796
85.14141414141415,80.08504184350011,75.3289559318821,70.85532423718985,66.64737144643155,62.6893221689241,58.966332717836664,55.46444374738499,52.170524714020445,49.0722247762125,46.1579264786364,43.416702603054645,40.838274374343776,38.41297269686705,36.13170503849891,33.985917749003285,31.967563878200036,30.069076019330076,28.28333551460844,26.60364642375782,25.02371060573796,23.537603928620868,22.13975407290489,20.8249196377926,19.588170499176833,18.42486928340974,17.330654194479912,16.30142224835245,15.333314313786715,14.422700276397125,13.566165773652848,12.760499058610323,12.002679267147787,11.289864806741562,10.619382956531362,9.988719622404169,9.395510107012779,8.837530068880453,8.31268733177605,7.819013914701842,7.354658755876853,6.917880688440305,6.507041977663555,6.120602129854242,5.757112152230974,5.415209096332957,5.09361095977188,4.791111876681058,4.5065775901913225,4.238941212852253
86.34343434343434,81.21567655454255,76.39244457298949,71.85565447615365,67.58829411841229,63.57436539328075,59.798815051852905,56.24748667133079,52.907064332120896,49.76502282442339,46.809580678536506,44.029656406562026,41.4148261183878,38.955284210798396,36.64180978397068,34.465728427865734,32.41887958605459,30.493589015687945,28.68263755829554,26.97923474080935,25.376993505498668,23.86990608397809,22.45232148715045,21.118924316508632,19.864714844817136,18.684990228329163,17.57532709151909,16.531564524726164,15.54978891377968,14.626318894607035,13.757691900959143,12.940650842686097,12.172132207329382,11.449254284971756,10.769306621477059,10.129739628937108,9.528155225382049,8.962297666246313,8.430045238109116,7.929402176162226,7.458491285471038,7.015546817509523,6.598907916130989,6.207012339066805,5.838390636762416,5.491660618751233,5.165522183429832,4.858752440606207,4.5702011200564066,4.298786272091718
87.54545454545455,82.34631126558493,77.45593321409682,72.85598471511739,68.52921679039297,64.45940861763735,60.63129738586909,57.030529595276526,53.64360395022129,50.45782087263423,47.461234878436564,44.64261021006937,41.991377862431804,39.49759572472973,37.15191452944243,34.94553910672815,32.870195293909106,30.918102012045782,29.081939601982615,27.354823057860855,25.730276405259346,24.202208239335295,22.76488890139599,21.41292899522465,20.141259190457433,18.94511117324858,17.819999988558255,16.761706801099866,15.766263513772637,14.829937512816938,13.949218028265433,13.120802626761865,12.341585147510969,11.608643763201945,10.919230286422753,10.270759635470045,9.660800343751315,9.087065263612168,8.547403144442177,8.039790437622605,7.562323815065221,7.113212946578738,6.6907738545984206,6.2934225482793655,5.919669121293855,5.568112141169508,5.237433407087783,4.926393004531353,4.63382464992149,4.358631331331179
88.74747474747474,83.47694597662736,78.5194218552042,73.85631495408116,69.47013946237367,65.34445184199394,61.46377971988526,57.813572519222255,54.38014356832168,51.150618920845055,48.112889078336615,45.2555640135767,42.56792960647578,40.03990723866103,37.66201927491415,35.425349785590555,33.32151100176361,31.342615008403616,29.48124164566968,27.730411374912354,26.083559305020017,24.534510394692486,23.07745631564152,21.706933673940654,20.417803536097715,19.205232118167988,18.064672885597407,16.99184907747356,15.982738113765581,15.03355613102683,14.140744155571708,13.30095441083762,12.511038087692546,11.768033241432123,11.069153951368436,10.411779642002971,9.793445462120571,9.211832860978015,8.66476105077523,8.150178699082977,7.666156344659397,7.210879075647947,6.7826397930658455,6.379832757491919,6.000947605825288,5.644563663587777,5.309344630745729,4.994033568456494,4.697448179786567,4.418476390570638
89.94949494949495,84.60758068766977,79.58291049631156,74.85664519304493,70.41106213435438,66.22949506635062,62.296262053901515,58.59661544316806,55.116683186422144,51.843416969055944,48.76454327823672,45.86851781708409,43.14448135051981,40.58221875259239,38.17212402038593,35.90516046445301,33.772826709618165,31.76712800476148,29.880543689356777,28.105999691963877,26.43684220478072,24.866812550049705,23.390023729887076,22.000938352656686,20.69434788173802,19.465353063087413,18.309345782636576,17.22199135384727,16.199212713758545,15.237174749236738,14.332270282878003,13.481106194913393,12.680491027874135,11.927422719662314,11.21907761631413,10.552799648535906,9.926090580489838,9.336600458343868,8.782118957108288,8.260566960543354,7.769988874253577,7.308545204717159,6.874505731533276,6.466242966704478,6.082226090356726,5.721015186006051,5.381255854403679,5.06167413238164,4.761071709651648,4.478321449810099
91.15151515151516,85.73821539871217,80.64639913741891,75.85697543200867,71.35198480633505,67.11453829070717,63.12874438791764,59.37965836711376,55.8532228045225,52.53621501726675,49.41619747813675,46.48147162059141,43.72103309456378,41.124530266523685,38.682228765857644,36.384971143315404,34.224142417472656,32.191641001119294,30.27984573304384,28.48158800901537,26.790125104541385,25.199114705406895,23.7025911441326,22.29494303137269,20.9708922273783,19.725474008006817,18.554018679675732,17.452133630220963,16.41568731375149,15.44079336744663,14.523796410184282,13.661257978989152,12.849943968055717,12.086812197892497,11.369001281259818,10.693819655068836,10.058735698859095,9.461368055709718,8.899476863441343,8.370955222003728,7.873821403847755,7.40621133378637,6.966371670000703,6.552653175917034,6.163504574888161,5.797466708424322,5.453167078061626,5.129314696306783,4.8246952395167275,4.538166509049558
92.35353535353535,86.8688501097546,81.70988777852631,76.8573056709725,72.29290747831581,67.99958151506385,63.9612267219339,60.16270129105957,56.58976242262297,53.22901306547764,50.06785167803686,47.09442542409879,44.297584838607804,41.66684178045503,39.192333511329416,36.864781822177854,34.67545812532721,32.61615399747717,30.67914777673094,28.8571763260669,27.14340800430209,25.53141686076411,24.015158558378157,22.588947710088718,21.247436573018604,19.985594952926238,18.798691576714898,17.68227590659467,16.63216191374445,15.644411985656536,14.715322537490572,13.84140976306492,13.019396908237304,12.246201676122686,11.518924946205512,10.834839661601773,10.191380817228362,9.586135653075575,9.016834769774405,8.481343483464109,7.977653933441938,7.503877462855586,7.058237608468135,6.639063385129594,6.244783059419601,5.873918230842596,5.525078301719577,5.196955260231929,4.88831876938181,4.598011568289022
93.55555555555556,87.99948482079701,82.77337641963365,77.8576359099362,73.23383015029646,68.88462473942043,64.79370905595007,60.9457442150053,57.326302040723355,53.92181111368846,50.71950587793691,47.70737922760612,44.874136582651786,42.20915329438634,39.70243825680114,37.34459250104026,35.126773833181716,33.040666993834996,31.078449820418,29.23276464311839,27.49669090406276,25.86371901612131,24.32772597262369,22.88295238880473,21.523980918658893,20.24571589784565,19.04336447375406,17.91241818296837,16.8486365137374,15.848030603866434,14.906848664796854,14.021561547140683,13.188849848418887,12.40559115435287,11.668848611151201,10.975859668134705,10.324025935597625,9.710903250441426,9.134192676107464,8.591731744924484,8.081486463036116,7.601543591924797,7.150103546935561,6.725473594342151,6.3260615439510355,5.950369753260866,5.5969895253775235,5.264595824157071,4.9519422992468884,4.6578566275284805
94.75757575757575,89.13011953183944,83.83686506074105,78.85796614890003,74.17475282227723,69.76966796377712,65.62619138996634,61.72878713895112,58.06284165882384,54.61460916189938,51.37116007783705,48.320333031113535,45.450688326695854,42.75146480831773,40.212543002272945,37.82440317990274,35.57808954103629,33.46517999019288,31.477751864105123,29.60835296016994,27.84997380382348,26.19602117147854,24.64029338686926,23.17695706752077,21.80052526429921,20.50583684276509,19.28803737079324,18.14256045934209,17.065111113730374,16.05164922207635,15.098374792103156,14.201713331216462,13.358302788600486,12.564980632583069,11.818772276096905,11.116879674667647,10.456671053966897,9.835670847807288,9.25155058244053,8.70212000638487,8.185318992630304,7.699209720994017,7.241969485402999,6.811883803554717,6.407340028482481,6.026821275679147,5.66890074903548,5.332236388082224,5.015565829111976,4.717701686767948
95.95959595959596,90.26075424288187,84.90035370184839,79.85829638786377,75.1156754942579,70.6547111881337,66.45867372398249,62.51183006289684,58.79938127692422,55.3074072101102,52.02281427773709,48.93328683462086,46.02724007073983,43.29377632224903,40.722647747744666,38.30421385876514,36.0294052488908,33.889692986550706,31.87705390779218,29.98394127722143,28.203256703584145,26.52832332683573,24.95286080111479,23.470961746236778,22.077069609939496,20.765957787684496,19.532710267832396,18.372702735715784,17.281585713723324,16.255267840286244,15.289900919409435,14.381865115292221,13.527755728782067,12.72437011081325,11.968695941042592,11.257899681200577,10.589316172336156,9.960438445173136,9.368908488773585,8.812508267845244,8.289151522224481,7.796875850063227,7.333835423870425,6.898294012767272,6.488618513013915,6.103272798097417,5.740811972693426,5.399876952007365,5.079189358977054,4.777546746007406
97.16161616161617,91.39138895392425,85.96384234295574,80.85862662682752,76.05659816623859,71.53975441249031,67.29115605799868,63.29487298684259,59.535920895024624,56.000205258321046,52.67446847763715,49.546240638128204,46.60379181478382,43.83608783618035,41.2327524932164,38.78402453762755,36.48072095674531,34.31420598290855,32.27635595147926,30.359529594272935,28.556539603344827,26.86062548219293,25.265428215360327,23.76496642495279,22.35361395557978,21.026078732603906,19.777383164871555,18.60284501208948,17.498060313716273,16.458886458496142,15.48142704671572,14.562016899367984,13.697208668963649,12.883759589043434,12.118619605988279,11.398919687733507,10.721961290705417,10.085206042538985,9.48626639510664,8.922896529305616,8.392984051818658,7.894541979132437,7.425701362337851,6.984704221979827,6.569896997545349,6.179724320515686,5.812723196351373,5.467517515932508,5.142812888842133,4.837391805246866
98.36363636363636,92.52202366496668,87.02733098406311,81.8589568657913,76.9975208382193,72.42479763684693,68.12363839201488,64.07791591078835,60.27246051312504,56.69300330653189,53.32612267753722,50.15919444163555,47.180343558827815,44.37839935011167,41.742857238688146,39.263835216489966,36.93203666459983,34.73871897926637,32.675657995166326,30.73511791132443,28.9098225031055,27.192927637550124,25.57799562960586,24.0589711036688,22.630158301220067,21.28619967752331,20.022056061910707,18.832987288463176,17.71453491370922,16.662505076706033,15.672953174021997,14.742168683443742,13.866661609145229,13.043149067273616,12.268543270933964,11.539939694266437,10.854606409074673,10.209973639904835,9.603624301439694,9.033284790765991,8.496816581412837,7.992208108201647,7.517567300805279,7.071114431192384,6.651175482076785,6.256175842933958,5.884634420009321,5.535158079857652,5.206436418707213,4.8972368644863264
99.56565656565657,93.65265837600911,88.09081962517051,82.85928710475508,77.93844351020003,73.3098408612036,68.95612072603112,64.86095883473415,61.0090001312255,57.385801354742775,53.97777687743732,50.772148245142944,47.756895302871854,44.92071086404303,42.25296198415993,39.74364589535243,37.38335237245438,35.16323197562425,33.07496003885343,31.110706228375967,29.263105402866213,27.525229792907357,25.89056304385143,24.352975782384842,22.90670264686038,21.546320622442746,20.26672895894989,19.0631295648369,17.93100951370219,16.86612369491595,15.864479301328295,14.92232046751952,14.036114549326827,13.202538545503813,12.418466935879666,11.680959700799377,10.987251527443949,10.334741237270695,9.720982207772758,9.143673052226374,8.600649111007021,8.089874237270866,7.609433239272714,7.157524640404947,6.732453966608228,6.332627365352236,5.956545643667274,5.6027986437828,5.270059948572298,4.957081923725791
100.76767676767676,94.78329308705153,89.15430826627787,83.85961734371887,78.87936618218075,74.19488408556022,69.78860306004732,65.6440017586799,61.74553974932592,58.078599402953635,54.6294310773374,51.385102048650296,48.33344704691585,45.46302237797436,42.763066729631674,40.22345657421485,37.83466808030891,35.5877449719821,33.47426208254052,31.486294545427484,29.616388302626902,27.857531948264565,26.203130458096975,24.646980461100863,23.183246992500685,21.80644156736217,20.511401855989064,19.293271841210608,18.147484113695153,17.069742313125857,16.056005428634588,15.102472251595291,14.205567489508418,13.361928023734006,12.568390600825364,11.821979707332318,11.119896645813217,10.459508834636553,9.838340114105824,9.254061313686757,8.704481640601207,8.187540366340084,7.701299177740148,7.243934849617509,6.813732451139668,6.409078887770511,6.028456867325227,5.670439207707948,5.333683478437381,5.016926982965254
101.96969696969697,95.91392779809392,90.2177969073852,84.8599475826826,79.8202888541614,75.07992730991681,70.6210853940635,66.42704468262563,62.48207936742631,58.77139745116446,55.28108527723745,51.998055852157634,48.90999879095984,46.00533389190567,43.2731714751034,40.70326725307726,38.28598378816341,36.012257968339924,33.87356412622758,31.861882862478975,29.969671202387563,28.18983410362175,26.515697872342496,24.940985139816863,23.45979133814096,22.06656251228157,20.756074753028212,19.5234141175843,18.363958713688096,17.27336093133575,16.247531555940867,15.282624035671049,14.375020429689997,13.521317501964186,12.718314265771049,11.962999713865246,11.252541764182473,10.584276432002401,9.955698020438877,9.36444957514713,8.808314170195384,8.285206495409295,7.793165116207574,7.330345058830066,6.895010935671103,6.485530410188782,6.100368090983174,5.738079771633091,5.39730700830246,5.076772042204713
103.17171717171716,97.04456250913633,91.28128554849255,85.86027782164636,80.76121152614212,75.96497053427343,71.4535677280797,67.2100876065714,63.21861898552673,59.46419549937533,55.93273947713754,52.61100965566499,49.48655053500385,46.54764540583701,43.78327622057515,41.18307793193968,38.73729949601794,36.436770964697764,34.27286616991465,32.23747117953048,30.322954102148245,28.52213625897895,26.828265286588035,25.234989818532874,23.736335683781245,22.32668345720098,21.000747650067364,19.75355639395799,18.58043331368104,17.476979549545643,16.439057683247146,15.462775819746808,14.544473369871575,13.680706980194365,12.868237930716733,12.104019720398172,11.38518688255173,10.709044029368247,10.07305592677193,9.474837836607499,8.912146699789556,8.382872624478498,7.885031054674996,7.416755268042616,6.976289420202534,6.561981932607049,6.172279314641116,5.80572033555823,5.460930538167536,5.136617101444169
104.37373737373737,98.17519722017873,92.34477418959993,86.86060806061013,81.70213419812282,76.85001375863006,72.2860500620959,67.99313053051715,63.95515860362713,60.15699354758616,56.584393677037596,53.22396345917234,50.06310227904784,47.089956919768326,44.2933809660469,41.662888610802106,39.18861520387246,36.861283961055605,34.67216821360173,32.61305949658199,30.67623700190893,28.854438414336155,27.140832700833577,25.528994497248895,24.012880029421545,22.586804402120396,21.245420547106534,19.983698670331698,18.796907913673998,17.680598167755544,16.630583810553432,15.642927603822573,14.71392631005316,13.840096458424552,13.018161595662423,12.245039726931104,11.517832000920993,10.833811626734098,10.190413833104987,9.585226098067876,9.015979229383737,8.480538753547712,7.976896993142426,7.503165477255175,7.057567904733971,6.6384334550253215,6.2441905382990655,5.873360899483375,5.524554068032617,5.196462160683631
105.57575757575758,99.30583193122119,93.40826283070732,87.8609382995739,82.64305687010354,77.7350569829867,73.11853239611213,68.77617345446293,64.69169822172758,60.849791595797036,57.23604787693769,53.836917262679705,50.639654023091865,47.63226843369967,44.80348571151866,42.142699289664556,39.63993091172701,37.285796957413474,35.07147025728884,32.98864781363352,31.02951990166964,29.186740569693388,27.45340011507915,25.82299917596494,24.289424375061866,22.846925347039836,21.49009344414572,20.21384094670542,19.013382513666972,17.884216785965464,16.822109937859736,15.823079387898355,14.88337925023476,13.999485936654752,13.168085260608127,12.38605973346405,11.650477119290267,10.958579224099964,10.307771739438056,9.695614359528264,9.119811758977926,8.578204882616934,8.068762931609863,7.589575686467741,7.1388463892654155,6.714884977443601,6.316101761957022,5.941001463408526,5.588177597897704,5.256307219923097
106.77777777777777,100.43646664226358,94.47175147181466,88.86126853853767,83.58397954208424,78.6201002073433,73.95101473012832,69.5592163784087,65.428237839828,61.542589644007904,57.887702076837776,54.44987106618708,51.216205767135875,48.17457994763101,45.31359045699041,42.62250996852698,40.09124661958154,37.71030995377132,35.470772300975916,33.36423613068503,31.382802801430323,29.519042725050586,27.765967529324687,26.117003854680952,24.565968720702152,23.107046291959247,21.734766341184876,20.44398322307912,19.229857113659925,18.08783540417536,17.013636065166022,16.003231171974118,15.052832190416346,14.158875414884939,13.31800892555382,12.527079739996985,11.783122237659532,11.083346821465817,10.425129645771115,9.806002620988643,9.223644288572109,8.675871011686148,8.160628870077295,7.675985895680302,7.2201248737968555,6.791336499861876,6.3880129856149725,6.008642027333672,5.651801127762786,5.3161522791625595
107.97979797979798,101.56710135330601,95.53524011292203,89.86159877750146,84.52490221406495,79.50514343169995,74.78349706414454,70.34225930235446,66.16477745792842,62.23538769221875,58.53935627673785,55.06282486969443,51.79275751117988,48.716891461562334,45.82369520246216,43.10232064738941,40.542562327436066,38.13482295012917,35.870074344663,33.739824447736545,31.736085701191012,29.851344880407797,28.078534943570233,26.411008533396974,24.84251306634245,23.367167236878664,21.97943923822404,20.67412549945282,19.44633171365288,18.291454022385263,17.205162192472308,16.183382956049883,15.22228513059793,14.318264893115124,13.467932590499508,12.668099746529915,11.915767356028793,11.208114418831666,10.54248755210417,9.916390882449017,9.327476818166284,8.773537140755359,8.252494808544721,7.762396104892857,7.301403358328289,6.867788022280146,6.459924209272919,6.076282591258813,5.715424657627864,5.375997338402017
109.18181818181817,102.69773606434846,96.59872875402944,90.86192901646524,85.46582488604568,80.39018665605657,75.61597939816075,71.12530222630022,66.90131707602885,62.92818574042961,59.19101047663793,55.67577867320179,52.36930925522388,49.25920297549367,46.33379994793392,43.58213132625185,40.99387803529061,38.559335946487025,36.26937638835009,34.11541276478806,32.0893686009517,30.183647035765002,28.391102357815775,26.70501321211299,25.119057411982745,23.627288181798082,22.224112135263205,20.904267775826526,19.662806313645834,18.495072640595165,17.396688319778594,16.363534740125647,15.391738070779516,14.477654371345311,13.617856255445199,12.809119753062848,12.048412474398058,11.332882016197521,10.65984545843723,10.026779143909394,9.431309347760466,8.871203269824573,8.344360747012152,7.848806314105416,7.3826818428597285,6.94423954469842,6.53183543293087,6.143923155183961,5.779048187492947,5.435842397641481
110.38383838383838,103.82837077539081,97.66221739513672,91.86225925542894,86.40674755802631,81.27522988041312,76.44846173217687,71.90834515024592,67.63785669412921,63.620983788640416,59.84266467653796,56.2887324767091,52.945860999267836,49.80151448942495,46.84390469340561,44.06194200511422,41.445193743145076,38.983848942844816,36.668678432037126,34.49100108183953,32.442651500712344,30.51594919112217,28.703669772061282,26.999017890828977,25.395601757623005,23.887409126717465,22.46878503230234,21.1344100522002,19.879280913638766,18.69869125880504,17.58821444708486,16.543686524201394,15.561191010961084,14.63704384957548,13.767779920390874,12.950139759595766,12.181057592767305,11.457649613563358,10.777203364770275,10.13716740536976,9.535141877354636,8.968869398893775,8.436226685479571,7.935216523317966,7.463960327391158,7.020691067116685,6.603746656588811,6.211563719109099,5.842671717358022,5.495687456880937
111.58585858585859,104.95900548643323,98.7257060362441,92.86258949439275,87.34767023000704,82.16027310476977,77.28094406619309,72.69138807419169,68.37439631222963,64.31378183685126,60.49431887643802,56.90168628021646,53.522412743311854,50.3438260033563,47.35400943887738,44.541752683976654,41.896509450999616,39.40836193920268,37.06798047572422,34.86658939889105,32.795934400473044,30.84825134647939,29.01623718630684,27.293022569545005,25.672146103263312,24.147530071636893,22.713457929341512,21.364552328573915,20.09575551363173,18.90230987701495,17.77974057439115,16.723838308277163,15.730643951142673,14.796433327805671,13.917703585336568,13.091159766128703,12.313702711136571,11.582417210929217,10.894561271103337,10.247555666830142,9.638974406948819,9.06653552796299,8.528092623947003,8.021626732530528,7.545238811922597,7.09714258953496,6.675657880246762,6.279204283034245,5.906295247223103,5.555532516120398
112.78787878787878,106.08964019747562,99.78919467735146,93.86291973335649,88.28859290198774,83.04531632912641,78.1134264002093,73.47443099813748,69.11093593033006,65.00657988506214,61.14597307633811,57.51464008372382,54.09896448735586,50.88613751728762,47.86411418434913,45.02156336283908,42.34782515885414,39.83287493556052,37.4672825194113,35.24217771594256,33.14921730023373,31.180553501836595,29.32880460055238,27.587027248261027,25.94869044890361,24.40765101655631,22.95813082638068,21.594694604947616,20.312230113624686,19.105928495224855,17.97126670169744,16.903990092352934,15.900096891324262,14.955822806035862,14.067627250282264,13.23217977266164,12.44634782950584,11.707184808295073,11.0119191774364,10.35794392829052,9.742806936543001,9.164201657032205,8.619958562414435,8.108036941743087,7.626517296454036,7.173594111953235,6.747569103904714,6.3468448469593906,5.969918777088186,5.615377575359861
113.98989898989899,107.22027490851806,100.85268331845884,94.86324997232029,89.22951557396847,83.93035955348304,78.94590873422553,74.25747392208326,69.84747554843052,65.69937793327303,61.797627276238224,58.127593887231214,54.67551623139991,51.428449031218996,48.37421892982091,45.501374041701546,42.799140866708704,40.2573879319184,37.86658456309841,35.61776603299409,33.50250019999444,31.512855657193818,29.64137201479794,27.88103192697706,26.22523479454392,24.667771961475744,23.20280372341986,21.824836881321335,20.528704713617653,19.309547113434768,18.162792829003738,17.08414187642871,16.06954983150586,15.11521228426606,14.217550915227964,13.373199779194582,12.57899294787511,11.83195240566093,11.129277083769463,10.468332189750901,9.846639466137185,9.261867786101423,8.711824500881868,8.194447150955648,7.707795780985476,7.250045634371509,6.8194803275626645,6.414485410884538,6.033542306953269,5.675222634599323
115.19191919191918,108.35090961956044,101.91617195956617,95.86358021128402,90.17043824594916,84.81540277783967,79.77839106824173,75.04051684602902,70.58401516653093,66.39217598148387,62.44928147613829,58.74054769073856,55.25206797544389,51.970760545150306,48.88432367529265,45.98118472056395,43.250456574563216,40.68190092827623,38.26588660678547,35.99335435004559,33.855783099755115,31.845157812551015,29.95393942904348,28.175036605693073,26.501779140184208,24.927892906395154,23.447476620459014,22.05497915769503,20.745179313610606,19.513165731644666,18.354318956310024,17.264293660504475,16.239002771687442,15.274601762496244,14.367474580173656,13.514219785727516,12.711638066244372,11.956720003026785,11.246634990102521,10.578720451211279,9.950471995731366,9.359533915170637,8.803690439349298,8.280857360168207,7.7890742655169145,7.326497156789783,6.8913915512206145,6.482125974809684,6.097165836818351,5.735067693838786
116.39393939393939,109.48154433060292,102.97966060067357,96.8639104502478,91.11136091792989,85.7004460021963,80.61087340225795,75.82355976997479,71.32055478463137,67.08497402969473,63.100935676038375,59.353501494245926,55.828619719487904,52.51307205908165,49.39442842076441,46.4609953994264,43.70177228241776,41.1064139246341,38.66518865047258,36.36894266709712,34.209065999515815,32.177459967908234,30.266506843289037,28.469041284409105,26.778323485824515,25.188013851314583,23.69214951749819,22.285121434068746,20.961653913603573,19.716784349854578,18.545845083616317,17.444445444580246,16.40845571186904,15.433991240726439,14.517398245119354,13.655239792260456,12.844283184613644,12.081487600392645,11.363992896435589,10.689108712671665,10.054304525325556,9.457200044239856,8.895556377816733,8.367267569380772,7.870352750048358,7.4029486792080625,6.963302774878569,6.5497665387348345,6.160789366683437,5.794912753078252
117.5959595959596,110.61217904164532,104.04314924178094,97.86424068921158,92.05228358991059,86.58548922655294,81.44335573627416,76.60660269392056,72.05709440273178,67.7777720779056,63.752589875938455,59.96645529775328,56.4051714635319,53.05538357301297,49.90453316623614,46.94080607828881,44.15308799027227,41.530926920991924,39.06449069415964,36.74453098414862,34.562348899276486,32.50976212326543,30.579074257534568,28.763045963125112,27.054867831464797,25.448134796233987,23.936822414537346,22.51526371044244,21.17812851359652,19.920402968064472,18.7373712109226,17.624597228656008,16.577908652050617,15.59338071895662,14.667321910065038,13.79625979879338,12.976928302982898,12.20625519775849,11.481350802768638,10.799496974132035,10.158137054919727,9.554866173309062,8.987422316284157,8.453677778593324,7.951631234579789,7.47940020162633,7.035213998536514,6.617407102659974,6.224412896548513,5.854757812317709
118.79797979797979,111.74281375268771,105.1066378828883,98.86457092817534,92.99320626189127,87.4705324509095,82.27583807029032,77.38964561786628,72.79363402083217,68.4705701261164,64.40424407583849,60.5794091012606,56.981723207575875,53.59769508694427,50.41463791170788,47.42061675715122,44.60440369812678,41.95543991734975,39.4637927378467,37.12011930120011,34.91563179903716,32.84206427862262,30.8916416717801,29.057050641841123,27.331412177105086,25.708255741153398,24.1814953115765,22.745405986816138,21.394603113589465,20.124021586274363,18.928897338228875,17.80474901273176,16.747361592232195,15.7527701971868,14.817245575010721,13.937279805326309,13.109573421352156,12.331022795124339,11.598708709101693,10.909885235592409,10.261969584513906,9.652532302378273,9.079288254751583,8.540087987805881,8.032909719111226,7.555851724044601,7.107125222194461,6.685047666585118,6.288036426413593,5.914602871557169
120.0,112.87344846373014,106.17012652399568,99.86490116713914,93.934128933872,88.3555756752662,83.10832040430657,78.17268854181208,73.53017363893262,69.1633681743273,65.0558982757386,61.19236290476799,57.55827495161992,54.14000660087564,50.92474265717965,47.900427436013665,45.05571940598133,42.37995291370762,39.8630947815338,37.49570761825164,35.268914698797865,33.17436643397984,31.204209086025653,29.351055320557148,27.607956522745383,25.968376686072816,24.426168208615668,22.97554826318984,21.611077713582425,20.32764020448427,19.120423465535165,17.984900796807533,16.916814532413785,15.91215967541699,14.967169239956418,14.078299811859246,13.242218539721422,12.455790392490192,11.716066615434753,11.020273497052784,10.365802114108083,9.750198431447485,9.171154193219012,8.626498197018439,8.114188203642662,7.632303246462873,7.179036445852409,6.752688230510262,6.351659956278673,5.974447930796629
